Source_IP,Target_IP
196.202.252.59,102.130.68.111
102.130.68.111,102.130.68.138
102.130.68.138,196.10.140.215
196.10.140.215,41.60.135.94
41.60.135.94,41.175.242.16
41.175.242.16,41.175.159.11
41.175.159.11,46.17.233.10
46.17.233.10,196.44.184.134
196.44.184.134,196.29.37.134
196.29.37.134,196.2.64.125
41.212.66.1,41.212.2.42
41.212.2.42,105.16.12.137
105.16.12.137,105.16.13.1
105.16.13.1,105.16.19.9
105.16.19.9,105.16.13.77
105.16.13.77,105.16.8.25
105.16.8.25,105.16.8.42
105.16.8.42,105.16.0.10
196.202.252.59,102.130.68.104
102.130.68.104,102.130.68.107
102.130.68.107,102.130.68.138
102.130.68.138,196.10.140.215
196.10.140.215,217.15.112.20
41.226.16.230,193.95.96.100
193.95.96.100,193.95.0.14
193.95.0.14,193.95.1.155
193.95.1.155,195.22.197.50
195.22.197.50,195.22.210.96
195.22.210.96,213.144.173.171
213.144.173.171,185.35.140.35
185.35.140.35,185.35.140.75
41.226.16.231,193.95.96.102
193.95.96.102,193.95.0.16
193.95.0.16,193.95.1.155
193.95.1.155,195.22.197.50
195.22.197.50,195.22.210.96
195.22.210.96,213.144.173.171
213.144.173.171,185.35.140.35
185.35.140.35,185.35.140.75
41.226.21.227,193.95.96.98
193.95.96.98,193.95.0.150
193.95.0.150,193.95.1.223
193.95.1.223,195.22.197.50
195.22.197.50,195.22.210.222
195.22.210.222,213.144.173.171
213.144.173.171,185.35.142.32
185.35.142.32,185.35.140.30
185.35.140.30,185.35.140.145
41.226.22.8,193.95.96.108
193.95.96.108,193.95.0.91
193.95.0.91,193.95.1.159
193.95.1.159,195.22.197.50
195.22.197.50,195.22.210.96
195.22.210.96,213.144.173.171
213.144.173.171,185.35.140.35
185.35.140.35,185.35.140.75
154.109.128.0,184.105.223.253
184.105.223.253,195.66.226.123
195.66.226.123,185.35.140.145
193.95.79.252,195.22.197.50
195.22.197.50,195.22.210.222
195.22.210.222,213.144.173.171
213.144.173.171,185.35.140.35
185.35.140.35,185.35.140.75
41.231.104.1,195.22.197.50
195.22.197.50,195.22.210.222
41.226.21.228,193.95.96.98
193.95.96.98,193.95.96.98
193.95.96.98,193.95.0.150
193.95.0.150,193.95.1.223
193.95.1.223,195.22.197.50
195.22.197.50,195.22.210.96
195.22.210.96,213.144.173.171
213.144.173.171,185.35.142.32
185.35.142.32,185.35.140.30
185.35.140.30,185.35.142.107
193.95.79.252,195.22.197.50
195.22.197.50,195.22.210.222
195.22.210.222,213.144.173.171
213.144.173.171,185.35.140.35
185.35.140.35,185.35.140.75
41.226.16.234,193.95.96.102
193.95.96.132,193.251.251.93
193.251.251.93,193.251.131.46
193.251.131.46,193.251.131.116
193.251.131.116,193.251.151.16
193.251.151.16,41.181.189.67
41.226.16.230,193.95.96.102
193.95.96.102,193.95.0.16
193.95.0.16,193.95.1.191
193.95.1.191,193.251.251.93
193.251.251.93,193.251.240.37
193.251.240.37,193.251.131.126
193.251.131.126,41.181.189.69
41.181.189.69,41.181.190.150
41.181.190.150,41.181.245.251
41.226.22.18,193.95.96.108
193.95.96.108,193.95.0.91
193.95.0.91,193.95.0.73
193.95.0.73,81.52.200.112
81.52.200.112,41.181.189.69
41.181.189.69,41.181.190.150
41.181.190.150,41.181.245.251
41.226.16.230,193.95.96.102
193.95.96.102,193.95.0.16
193.95.0.16,193.95.1.191
193.95.1.191,193.251.251.93
193.251.251.93,193.251.131.52
193.251.131.52,81.52.200.108
81.52.200.108,41.181.189.69
41.181.189.69,41.181.189.69
41.181.189.69,41.181.190.150
41.181.190.150,41.181.245.251
41.226.21.226,41.181.189.67
193.95.79.252,193.251.251.93
193.251.251.93,193.251.131.50
193.251.131.50,81.52.200.108
81.52.200.108,193.251.241.157
193.95.79.246,193.251.251.93
193.251.251.93,193.251.131.52
193.251.131.52,81.52.200.112
81.52.200.112,193.251.128.82
193.251.128.82,81.52.179.54
81.52.179.54,41.181.189.69
41.181.189.69,41.181.190.150
41.181.190.150,41.181.245.251
41.226.22.18,193.95.96.108
193.95.96.108,193.95.0.91
193.95.0.91,193.95.0.73
193.95.0.73,41.181.189.69
41.181.189.69,41.181.190.150
41.181.190.150,41.181.245.251
41.250.128.1,81.192.65.170
81.192.65.170,81.192.65.161
81.192.65.161,81.192.12.30
105.158.104.1,81.192.65.178
81.192.65.178,81.192.65.185
81.192.65.185,81.192.12.42
81.192.12.42,81.192.25.58
41.140.192.1,81.192.65.138
81.192.65.138,81.192.65.129
81.192.65.129,81.192.12.14
41.251.128.1,81.192.65.178
81.192.65.178,81.192.65.177
81.192.65.177,81.192.12.38
81.192.12.38,212.217.80.13
212.217.80.13,212.217.80.10
105.155.16.1,81.192.65.154
81.192.65.154,81.192.65.145
81.192.65.145,81.192.12.22
81.192.12.22,212.217.80.14
212.217.80.14,212.217.80.13
212.217.80.13,212.217.80.14
212.217.80.14,212.217.80.13
212.217.80.13,212.217.80.14
212.217.80.14,212.217.80.13
212.217.80.13,212.217.80.14
212.217.80.14,212.217.80.13
212.217.80.13,212.217.80.14
212.217.80.14,212.217.80.13
212.217.80.13,212.217.80.14
212.217.80.14,212.217.80.13
212.217.80.13,212.217.80.14
212.217.80.14,212.217.80.13
212.217.80.13,212.217.80.14
212.217.80.14,212.217.80.13
212.217.80.13,212.217.80.14
212.217.80.14,212.217.80.13
212.217.80.13,212.217.80.14
212.217.80.14,212.217.80.13
212.217.80.13,212.217.80.14
212.217.80.14,212.217.80.13
212.217.80.13,212.217.80.14
212.217.80.14,212.217.80.13
212.217.80.13,212.217.80.14
212.217.80.14,212.217.80.13
212.217.80.13,212.217.80.14
212.217.80.14,212.217.80.13
212.217.80.13,212.217.80.14
212.217.80.14,212.217.80.13
212.217.80.13,212.217.80.14
212.217.80.14,212.217.80.13
212.217.80.13,212.217.80.14
212.217.80.14,212.217.80.13
212.217.80.13,212.217.80.14
212.217.80.14,212.217.80.13
212.217.80.13,212.217.80.14
212.217.80.14,212.217.80.13
212.217.80.13,212.217.80.14
212.217.80.14,212.217.80.13
196.64.216.1,81.192.92.46
196.65.128.1,81.192.65.186
81.192.65.186,81.192.65.177
81.192.65.177,81.192.12.38
81.192.12.38,212.217.80.21
41.200.192.1,193.251.154.82
193.251.154.82,193.251.131.54
193.251.131.54,193.251.131.116
193.251.131.116,193.251.128.123
193.251.128.123,81.52.179.54
81.52.179.54,41.181.189.69
41.181.189.69,41.181.190.150
41.181.190.150,41.181.245.251
105.97.0.1,193.251.150.123
193.251.150.123,193.251.240.29
193.251.240.29,193.251.131.120
193.251.131.120,193.251.151.16
193.251.151.16,81.52.179.54
81.52.179.54,41.181.189.69
41.181.189.69,41.181.190.150
41.181.190.150,41.181.245.251
197.206.96.1,193.251.150.123
193.251.150.123,193.251.131.44
193.251.131.44,193.251.131.122
193.251.131.122,193.251.240.132
193.251.240.132,81.52.186.188
81.52.186.188,41.181.189.67
193.251.154.82,41.181.189.69
41.181.189.69,41.181.190.150
41.181.190.150,41.181.245.251
105.110.0.1,193.251.154.82
193.251.154.82,193.251.131.44
193.251.131.44,193.251.131.118
193.251.131.118,193.251.128.123
193.251.128.123,81.52.179.54
81.52.179.54,41.181.189.69
41.181.189.69,41.181.190.150
41.181.190.150,41.181.245.251
41.105.0.1,193.251.154.82
193.251.154.82,193.251.240.29
193.251.240.29,81.52.200.108
81.52.200.108,193.251.151.16
193.251.151.16,81.52.179.54
81.52.179.54,41.181.189.69
41.181.189.69,41.181.190.150
41.181.190.150,41.181.245.251
41.96.0.1,193.251.154.82
193.251.154.82,193.251.131.54
193.251.131.54,193.251.131.118
193.251.131.118,193.251.240.132
193.251.240.132,81.52.179.54
81.52.179.54,41.181.189.69
41.181.189.69,41.181.190.150
41.181.190.150,41.181.245.251
41.96.0.1,193.251.154.82
193.251.154.82,193.251.240.21
193.251.240.21,193.251.131.124
193.251.131.124,193.251.240.124
193.251.240.124,81.52.179.54
81.52.179.54,41.181.189.69
41.181.189.69,41.181.190.150
41.181.190.150,41.181.245.251
197.206.0.1,193.251.154.82
193.251.154.82,193.251.131.46
193.251.131.46,81.52.200.108
81.52.200.108,193.251.132.165
193.251.132.165,81.52.179.54
81.52.179.54,41.181.189.69
41.181.189.69,41.181.190.150
41.181.190.150,41.181.245.251
41.100.0.1,193.251.150.123
193.251.150.123,193.251.131.50
193.251.131.50,193.251.131.120
193.251.131.120,193.251.128.123
193.251.128.123,81.52.186.188
81.52.186.188,41.181.189.65
41.181.189.65,41.181.245.179
102.22.160.1,81.25.197.18
81.25.197.18,81.25.197.17
81.25.197.17,129.250.8.206
129.250.8.206,195.22.218.59
195.22.218.59,195.22.197.65
195.22.197.65,197.215.149.235
197.43.213.1,212.73.201.97
212.73.201.97,4.69.167.114
4.69.167.114,212.187.167.66
212.187.167.66,41.181.189.67
41.181.189.67,196.44.0.29
196.44.0.29,196.44.29.140
195.2.10.85,4.69.141.230
4.69.141.230,212.187.142.250
212.187.142.250,212.73.253.29
212.73.253.29,196.44.29.53
196.44.29.53,4.69.167.118
4.69.167.118,212.187.167.66
212.187.167.66,130.117.49.146
130.117.49.146,196.44.29.140
196.44.29.140,41.181.190.198
81.10.87.89,80.81.68.125
80.81.68.125,62.216.128.214
62.216.128.214,62.216.131.149
62.216.131.149,149.14.125.97
149.14.125.97,154.54.38.173
154.54.38.173,130.117.50.165
130.117.50.165,154.54.56.173
154.54.56.173,130.117.49.146
130.117.49.146,41.181.245.188
41.181.245.188,41.181.190.198
41.181.190.198,41.181.189.75
41.181.189.75,196.44.29.53
196.44.29.53,196.44.29.222
149.11.19.73,154.54.58.137
154.54.58.137,154.54.57.205
154.54.57.205,154.54.38.170
154.54.38.170,149.14.126.226
105.158.104.1,81.192.65.178
81.192.65.178,81.192.65.177
81.192.65.177,81.192.12.38
81.192.12.38,149.11.19.225
149.11.19.225,154.54.59.13
154.54.59.13,154.54.57.205
154.54.57.205,154.54.38.170
41.251.16.1,81.192.65.170
81.192.65.170,81.192.65.169
81.192.65.169,81.192.12.34
81.192.12.34,149.6.155.65
149.6.155.65,149.14.126.226
149.14.126.226,154.73.184.76
196.70.56.1,81.192.65.162
81.192.65.162,81.192.65.161
81.192.65.161,81.192.12.30
81.192.12.30,149.14.125.73
149.14.125.73,149.14.126.226
41.140.224.1,81.192.65.130
81.192.65.130,81.192.65.129
81.192.65.129,81.192.12.14
81.192.12.14,149.14.125.37
149.14.125.37,149.14.126.226
149.14.126.226,154.73.184.76
196.64.8.1,81.192.65.170
81.192.65.170,81.192.65.169
81.192.65.169,81.192.12.34
81.192.12.34,149.14.125.81
149.14.125.81,149.14.126.226
149.14.126.226,154.73.184.76
41.140.192.1,81.192.65.130
81.192.65.130,81.192.65.137
81.192.65.137,81.192.12.18
81.192.12.18,149.6.155.69
149.6.155.69,149.14.126.226
149.14.126.226,154.73.184.76
149.11.19.73,154.54.58.137
154.54.58.137,154.54.57.205
154.54.57.205,154.54.38.170
154.54.38.170,149.14.126.226
149.14.126.226,154.73.184.76
160.178.72.1,81.192.92.50
81.192.92.50,81.192.92.45
81.192.92.45,81.192.12.38
81.192.12.38,149.11.19.89
149.11.19.89,154.54.58.137
154.54.58.137,154.54.57.205
154.54.57.205,154.54.38.170
154.54.38.170,149.14.126.226
197.43.213.1,72.52.92.213
41.232.112.1,72.52.92.213
72.52.92.213,195.66.226.123
195.66.226.123,185.35.140.33
185.35.140.33,185.35.140.165
185.35.140.165,196.216.220.167
196.216.220.167,197.215.100.161
197.215.100.161,197.215.100.194
72.52.92.213,195.66.226.123
195.66.226.123,185.35.140.33
185.35.140.33,185.35.140.165
185.35.140.165,196.216.220.167
196.216.220.167,197.215.100.161
197.215.100.161,197.215.100.194
197.215.100.194,197.215.100.194
197.215.100.194,197.215.100.194
197.215.100.194,197.215.100.194
197.215.100.194,197.215.100.194
197.215.100.194,197.215.100.194
197.215.100.194,197.215.100.194
197.215.100.194,197.215.100.194
197.215.100.194,197.215.100.194
41.236.99.193,72.52.92.213
72.52.92.213,195.66.226.123
195.66.226.123,185.35.140.33
185.35.140.33,185.35.140.165
185.35.140.165,196.216.220.167
196.216.220.167,197.215.100.161
197.215.100.161,197.215.100.194
197.215.100.194,197.215.100.194
197.215.100.194,197.215.100.194
197.215.100.194,197.215.100.194
197.215.100.194,197.215.100.194
197.215.100.194,197.215.100.194
197.215.100.194,197.215.100.194
197.215.100.194,197.215.100.194
197.215.100.194,197.215.100.194
41.212.66.1,41.212.2.42
41.212.2.42,105.16.12.121
105.16.12.121,105.16.8.189
105.16.8.189,105.16.10.213
105.16.10.213,105.16.29.8
105.16.29.8,196.60.9.107
196.60.9.107,196.25.146.36
196.25.146.36,196.25.158.242
196.25.158.242,154.73.184.76
154.73.184.76,102.182.0.125
197.82.5.249,176.67.178.0
197.80.96.161,176.67.178.0
105.187.235.149,105.229.0.13
102.182.72.1,169.1.2.121
169.1.2.121,169.1.21.147
169.1.21.147,169.1.21.131
197.80.0.85,176.67.177.246
176.67.177.246,176.67.178.2
165.73.14.113,169.1.21.148
169.1.21.148,169.1.21.132
169.1.21.132,169.1.21.133
196.202.252.59,102.130.68.111
102.130.68.111,102.130.68.138
102.130.68.138,196.10.140.215
196.10.140.215,46.17.232.105
46.17.232.105,41.175.242.16
41.175.242.16,46.17.232.26
46.17.232.26,197.155.94.15
197.155.94.15,197.155.94.216
197.155.94.216,197.155.94.198
197.155.94.198,197.155.93.177
197.155.93.177,41.223.57.202
41.223.57.202,41.223.57.201
41.223.57.201,197.239.63.250
196.64.192.1,81.192.65.170
81.192.65.170,81.192.65.161
41.250.224.1,81.192.65.154
81.192.65.154,81.192.65.153
41.140.216.1,81.192.65.130
81.192.65.130,81.192.65.137
105.159.72.1,81.192.65.154
81.192.65.154,81.192.65.145
196.75.104.1,81.192.65.130
81.192.65.130,81.192.65.129
41.140.56.1,81.192.65.146
81.192.65.146,81.192.65.145
41.212.66.1,41.212.2.42
41.212.2.42,105.16.12.137
105.16.12.137,105.16.11.125
105.16.11.125,105.16.32.254
105.16.32.254,212.73.201.181
212.73.201.181,212.73.201.174
212.73.201.174,41.21.232.182
41.21.232.182,41.191.201.145
41.212.66.1,41.188.172.97
41.188.172.97,155.12.0.242
155.12.0.242,155.12.0.202
155.12.0.202,197.155.94.100
197.155.94.100,41.175.43.72
41.175.43.72,197.155.94.4
197.155.94.4,197.155.94.8
197.155.94.8,197.155.94.198
197.155.94.198,41.223.57.206
41.223.57.206,41.223.57.205
41.223.57.205,197.239.63.250
197.239.63.250,197.239.0.20
102.22.160.1,81.25.197.18
81.25.197.18,81.25.197.17
81.25.197.17,212.187.173.34
212.187.173.34,41.21.232.182
41.21.232.182,41.191.201.145
196.202.252.59,102.130.68.104
102.130.68.104,102.130.68.107
102.130.68.107,102.130.68.138
102.130.68.138,196.10.140.215
196.10.140.215,41.60.135.94
41.60.135.94,41.175.242.109
41.175.242.109,197.155.94.74
197.155.94.74,197.155.94.229
197.155.94.229,197.155.94.165
197.155.94.165,41.223.224.5
193.95.96.102,195.22.197.50
195.22.197.50,192.22.218.39
192.22.218.39,197.215.149.235
197.215.149.235,197.215.157.14
197.215.157.14,62.68.47.250
193.95.79.231,195.22.197.50
195.22.197.50,195.22.218.59
195.22.218.59,195.22.197.65
195.22.197.65,197.215.149.235
197.215.149.235,197.215.157.14
197.215.157.14,62.68.47.250
62.68.47.250,62.68.47.158
154.109.128.0,195.22.197.12
195.22.197.12,195.22.197.65
195.22.197.65,197.215.149.235
197.215.149.235,197.215.157.14
197.215.157.14,62.68.47.250
62.68.47.250,62.68.47.157
62.68.47.157,62.68.47.158
41.226.22.8,193.95.96.108
193.95.96.108,193.95.0.91
193.95.0.91,193.95.1.159
193.95.1.159,195.22.197.50
195.22.197.50,192.22.218.39
192.22.218.39,195.22.197.65
195.22.197.65,197.215.149.235
197.215.149.235,197.215.157.14
197.215.157.14,62.68.47.250
62.68.47.250,62.68.47.158
41.226.22.18,193.95.96.108
193.95.96.108,193.95.0.91
193.95.0.91,193.95.1.159
193.95.1.159,195.22.197.50
195.22.197.50,195.22.218.59
195.22.218.59,195.22.197.65
195.22.197.65,197.215.149.235
197.215.149.235,197.215.157.14
197.215.157.14,62.68.47.250
62.68.47.250,62.68.47.157
62.68.47.157,62.68.47.158
41.226.22.18,193.95.96.110
193.95.96.110,193.95.0.91
193.95.0.91,193.95.1.159
193.95.1.159,195.22.197.50
195.22.197.50,192.22.218.39
192.22.218.39,195.22.197.65
195.22.197.65,197.215.149.235
197.215.149.235,197.215.157.14
197.215.157.14,62.68.47.250
62.68.47.250,62.68.47.158
41.226.21.227,193.95.96.98
193.95.96.98,193.95.96.98
193.95.96.98,193.95.0.150
193.95.0.150,193.95.1.223
193.95.1.223,195.22.197.50
195.22.197.50,192.22.218.39
192.22.218.39,195.22.197.65
195.22.197.65,197.215.149.235
197.215.149.235,197.215.157.14
197.215.157.14,62.68.47.157
62.68.47.157,62.68.47.158
62.68.47.158,62.68.47.158
41.226.16.230,193.95.96.100
193.95.96.100,193.95.0.14
193.95.0.14,193.95.1.155
193.95.1.155,195.22.197.50
195.22.197.50,195.22.218.59
195.22.218.59,195.22.197.65
195.22.197.65,197.215.149.235
197.215.149.235,197.215.157.14
197.215.157.14,62.68.47.250
62.68.47.250,62.68.47.158
62.68.47.158,62.68.47.158
196.70.24.1,81.192.65.162
81.192.65.162,81.192.65.161
81.192.65.161,81.192.12.30
81.192.12.30,149.11.18.165
149.11.18.165,130.117.1.98
130.117.1.98,149.6.144.162
149.6.144.162,185.10.164.37
185.10.164.37,185.35.140.165
185.35.140.165,196.216.220.167
196.216.220.167,197.215.100.161
197.215.100.161,197.215.100.194
197.215.100.194,197.215.100.194
197.215.100.194,197.215.100.194
197.215.100.194,197.215.100.194
197.215.100.194,197.215.100.194
197.215.100.194,197.215.100.194
197.215.100.194,197.215.100.194
197.215.100.194,197.215.100.194
197.215.100.194,197.215.100.194
197.215.100.194,197.215.100.194
197.215.100.194,197.215.100.194
160.179.8.1,81.192.65.186
81.192.65.186,81.192.65.185
81.192.65.185,81.192.12.42
81.192.12.42,149.11.19.89
149.11.19.89,130.117.1.22
130.117.1.22,149.6.144.162
149.6.144.162,185.10.164.37
185.10.164.37,185.35.140.165
185.35.140.165,196.216.220.167
196.216.220.167,197.215.100.161
197.215.100.161,197.215.100.194
197.215.100.194,197.215.100.194
197.215.100.194,197.215.100.194
197.215.100.194,197.215.100.194
197.215.100.194,197.215.100.194
197.215.100.194,197.215.100.194
41.140.16.1,81.192.65.138
81.192.65.138,81.192.65.129
81.192.65.129,81.192.12.14
81.192.12.14,149.11.19.109
149.11.19.109,130.117.1.98
130.117.1.98,149.6.144.162
149.6.144.162,185.35.140.34
185.35.140.34,185.35.142.97
185.35.142.97,196.216.221.55
196.216.221.55,196.216.220.167
196.216.220.167,197.215.100.161
197.215.100.161,197.215.100.194
197.215.100.194,197.215.100.194
197.215.100.194,197.215.100.194
197.215.100.194,197.215.100.194
197.215.100.194,197.215.100.194
197.215.100.194,197.215.100.194
197.215.100.194,197.215.100.194
197.215.100.194,197.215.100.194
105.157.48.1,81.192.65.162
81.192.65.162,81.192.65.161
81.192.65.161,81.192.12.30
81.192.12.30,149.11.18.165
149.11.18.165,130.117.1.98
130.117.1.98,149.6.144.162
149.6.144.162,185.35.140.34
185.35.140.34,185.35.142.97
41.143.72.1,81.192.65.186
81.192.65.186,81.192.65.185
81.192.65.185,81.192.12.42
81.192.12.42,149.11.19.225
149.11.19.225,130.117.1.98
130.117.1.98,149.6.144.162
149.6.144.162,185.35.140.34
185.35.140.34,185.35.142.97
185.35.142.97,196.216.221.55
196.216.221.55,196.216.220.167
196.216.220.167,197.215.100.161
197.215.100.161,197.215.100.194
197.215.100.194,197.215.100.194
197.215.100.194,197.215.100.194
197.215.100.194,197.215.100.194
197.215.100.194,197.215.100.194
197.215.100.194,197.215.100.194
197.215.100.194,197.215.100.194
197.215.100.194,197.215.100.194
197.215.100.194,197.215.100.194
197.215.100.194,197.215.100.194
196.89.40.1,81.192.92.46
81.192.92.46,81.192.92.49
81.192.92.49,81.192.12.42
81.192.12.42,149.11.19.169
149.11.19.169,130.117.1.98
130.117.1.98,185.10.164.37
185.10.164.37,185.35.140.165
185.35.140.165,196.216.220.167
196.216.220.167,197.215.100.161
197.215.100.161,197.215.100.194
197.215.100.194,197.215.100.194
197.215.100.194,197.215.100.194
197.215.100.194,197.215.100.194
197.215.100.194,197.215.100.194
197.215.100.194,197.215.100.194
149.6.151.33,154.54.61.133
154.54.61.133,154.54.61.106
41.143.0.1,81.192.65.162
81.192.65.162,81.192.65.161
81.192.65.161,81.192.12.30
81.192.12.30,149.11.18.225
149.11.18.225,130.117.1.98
130.117.1.98,149.6.144.162
149.6.144.162,185.35.140.34
185.35.140.34,185.35.142.97
185.35.142.97,196.216.221.55
196.216.221.55,196.216.220.167
196.216.220.167,197.215.100.161
197.215.100.161,197.215.100.194
197.215.100.194,197.215.100.194
160.178.72.1,81.192.92.50
81.192.92.50,81.192.92.45
81.192.92.45,81.192.12.38
81.192.12.38,149.11.19.169
149.11.19.169,130.117.1.98
130.117.1.98,149.6.144.162
149.6.144.162,185.35.140.34
185.35.140.34,185.35.142.97
197.133.96.3,81.10.87.161
81.10.87.161,154.14.64.30
41.236.107.65,193.251.247.99
193.251.247.99,193.251.131.190
193.251.131.190,193.251.141.65
193.95.79.231,195.22.197.50
195.22.197.50,213.144.176.168
213.144.176.168,213.144.170.59
213.144.170.59,5.11.10.89
5.11.10.89,5.11.9.125
5.11.9.125,197.155.94.15
197.155.94.15,197.155.94.74
197.155.94.74,197.155.90.221
197.155.90.221,197.155.94.227
197.155.94.227,41.223.224.5
41.223.224.5,154.73.104.19
154.73.104.19,154.73.104.162
154.73.104.162,154.73.104.162
154.73.104.162,154.73.104.162
154.73.104.162,154.73.104.162
154.73.104.162,154.73.104.162
154.73.104.162,154.73.104.162
41.226.22.18,193.95.96.110
193.95.96.110,193.95.0.91
193.95.0.91,193.95.1.159
193.95.1.159,195.22.197.50
195.22.197.50,213.144.176.168
213.144.176.168,213.144.170.59
213.144.170.59,5.11.10.93
5.11.10.93,5.11.9.127
5.11.9.127,197.155.94.15
197.155.94.15,197.155.94.74
197.155.94.74,197.155.94.97
197.155.94.97,197.155.94.165
197.155.94.165,41.223.224.5
41.223.224.5,154.73.104.19
154.73.104.19,154.73.104.162
154.73.104.162,154.73.104.162
154.73.104.162,154.73.104.162
154.73.104.162,154.73.104.162
154.73.104.162,154.73.104.162
154.73.104.162,154.73.104.162
154.73.104.162,154.73.104.162
154.73.104.162,154.73.104.162
154.109.128.0,195.22.197.12
195.22.197.12,213.144.176.168
213.144.176.168,213.144.170.59
213.144.170.59,5.11.10.89
5.11.10.89,5.11.9.125
5.11.9.125,197.155.94.15
197.155.94.15,197.155.94.216
197.155.94.216,197.155.94.69
197.155.94.69,197.155.94.165
197.155.94.165,41.223.224.5
193.95.79.246,195.22.197.50
195.22.197.50,213.144.176.168
213.144.176.168,213.144.170.59
213.144.170.59,5.11.10.89
5.11.10.89,5.11.9.125
5.11.9.125,197.155.94.15
197.155.94.15,197.155.94.216
197.155.94.216,197.155.94.223
197.155.94.223,197.155.94.61
197.155.94.61,41.223.224.5
41.223.224.5,154.73.104.19
154.73.104.19,154.73.104.162
154.73.104.162,154.73.104.162
154.73.104.162,154.73.104.162
154.73.104.162,154.73.104.162
154.73.104.162,154.73.104.162
154.73.104.162,154.73.104.162
41.231.104.1,195.22.197.50
195.22.197.50,213.144.176.168
213.144.176.168,41.223.224.5
41.223.224.5,41.223.224.5
41.226.16.230,193.95.96.100
193.95.96.100,193.95.0.14
193.95.0.14,193.95.1.155
193.95.1.155,195.22.197.50
195.22.197.50,213.144.176.168
213.144.176.168,213.144.170.59
213.144.170.59,197.155.94.65
197.155.94.65,197.155.94.216
197.155.94.216,197.155.94.223
197.155.94.223,197.155.94.61
197.155.94.61,41.223.224.5
41.223.224.5,154.73.104.19
154.73.104.19,154.73.104.162
154.73.104.162,154.73.104.162
154.73.104.162,154.73.104.162
154.73.104.162,154.73.104.162
154.73.104.162,154.73.104.162
154.73.104.162,154.73.104.162
154.73.104.162,154.73.104.162
154.73.104.162,154.73.104.162
154.73.104.162,154.73.104.162
154.73.104.162,154.73.104.162
154.73.104.162,154.73.104.162
41.226.21.227,193.95.96.96
193.95.96.96,193.95.0.150
193.95.0.150,193.95.1.223
193.95.1.223,195.22.197.50
195.22.197.50,213.144.176.168
213.144.176.168,213.144.170.59
213.144.170.59,5.11.10.89
5.11.10.89,5.11.9.125
5.11.9.125,197.155.94.15
197.155.94.15,197.155.94.216
197.155.94.216,197.155.94.63
197.155.94.63,197.155.94.165
197.155.94.165,41.223.224.5
41.223.224.5,154.73.104.19
154.73.104.19,154.73.104.162
154.73.104.162,154.73.104.162
154.73.104.162,154.73.104.162
154.73.104.162,154.73.104.162
154.73.104.162,154.73.104.162
41.226.22.18,193.95.96.108
193.95.96.108,193.95.0.91
193.95.0.91,193.95.1.159
193.95.1.159,195.22.197.50
195.22.197.50,213.144.176.168
213.144.176.168,213.144.170.59
213.144.170.59,5.11.10.89
5.11.10.89,5.11.9.125
5.11.9.125,197.155.94.15
197.155.94.15,197.155.94.216
197.155.94.216,197.155.94.69
197.155.94.69,197.155.94.165
197.155.94.165,41.223.224.5
41.200.192.1,195.22.198.20
195.22.198.20,213.144.176.168
105.97.0.1,149.14.125.9
149.14.125.9,130.117.50.165
130.117.50.165,154.54.56.173
154.54.56.173,154.54.61.42
41.100.0.1,149.14.125.9
149.14.125.9,130.117.50.165
130.117.50.165,154.54.56.173
154.54.56.173,154.54.61.42
41.105.0.1,195.22.198.20
195.22.198.20,213.144.176.168
105.103.0.1,195.22.198.20
195.22.198.20,213.144.176.168
197.206.96.1,149.14.125.9
149.14.125.9,130.117.50.165
130.117.50.165,154.54.56.173
154.54.56.173,154.54.61.42
41.96.0.1,195.22.198.20
195.22.198.20,213.144.176.168
41.103.160.1,149.14.125.9
149.14.125.9,130.117.50.165
130.117.50.165,154.54.56.173
154.54.56.173,154.54.61.42
165.73.61.129,169.1.21.39
169.1.21.39,169.1.21.93
169.1.21.93,196.25.153.41
196.25.153.41,196.60.8.188
196.60.8.188,105.16.28.10
105.16.28.10,105.16.13.114
105.16.13.114,105.16.10.182
105.16.10.182,105.16.10.186
105.16.10.186,105.16.0.100
105.187.235.17,105.224.0.13
105.224.0.13,105.16.29.10
105.16.29.10,105.16.13.114
105.16.13.114,105.16.10.182
105.16.10.182,105.16.10.186
105.16.10.186,105.16.0.100
102.182.72.1,169.1.2.121
169.1.2.121,169.1.21.147
169.1.21.147,169.1.21.131
169.1.21.131,196.25.158.241
196.25.158.241,196.60.70.66
196.60.70.66,105.16.8.225
105.16.8.225,105.16.29.10
105.16.29.10,105.16.13.114
105.16.13.114,105.16.10.182
105.16.10.182,105.16.10.186
105.16.10.186,105.16.0.100
197.82.5.249,197.84.4.38
197.84.4.38,105.16.29.10
105.16.29.10,105.16.13.114
105.16.13.114,105.16.10.182
105.16.10.182,105.16.10.186
105.16.10.186,105.16.0.100
196.32.232.140,41.66.181.201
41.66.181.201,196.60.70.66
196.60.70.66,105.16.13.193
105.16.13.193,105.16.29.10
105.16.29.10,105.16.13.114
105.16.13.114,105.16.10.182
105.16.10.182,105.16.10.186
105.16.10.186,105.16.0.100
105.187.235.149,105.229.0.13
105.229.0.13,105.16.29.10
105.16.29.10,105.16.13.114
105.16.13.114,105.16.10.182
105.16.10.182,105.16.10.186
105.16.10.186,105.16.0.100
169.159.136.133,102.66.248.8
102.66.248.8,77.246.59.10
77.246.59.10,196.223.14.81
196.223.14.81,105.16.13.114
105.16.13.114,105.16.10.182
105.16.10.182,105.16.10.186
105.16.10.186,105.16.0.100
102.67.177.7,196.25.199.141
196.25.199.141,196.60.8.188
196.60.8.188,105.16.28.10
105.16.28.10,105.16.13.114
105.16.13.114,105.16.10.182
105.16.10.182,105.16.10.186
105.16.10.186,105.16.0.100
102.67.177.7,102.67.176.75
102.67.176.75,196.10.140.188
197.80.0.85,197.84.4.46
197.84.4.46,197.84.7.33
197.84.7.33,197.84.7.21
197.84.7.21,197.84.4.243
102.182.72.1,169.1.2.121
169.1.2.121,169.1.21.147
169.1.21.147,169.1.21.131
169.1.21.131,196.10.140.188
105.187.235.149,105.229.0.13
105.229.0.13,165.165.235.173
165.165.235.173,195.66.225.161
197.82.5.249,197.84.4.34
197.84.4.34,197.84.7.21
197.84.7.21,197.84.4.243
154.68.177.1,41.79.214.50
41.79.214.50,81.26.78.210
81.26.78.210,81.26.78.209
81.26.78.209,196.10.140.188
197.80.96.161,197.84.4.46
197.84.4.46,197.84.7.33
197.84.7.33,197.84.7.21
197.84.7.21,197.84.4.243
41.200.192.1,149.14.127.1
149.14.127.1,149.14.126.226
149.14.126.226,69.63.76.81
69.63.76.81,69.63.76.65
69.63.76.65,69.63.76.81
69.63.76.81,69.63.76.65
69.63.76.65,69.63.76.81
69.63.76.81,69.63.76.65
69.63.76.65,69.63.76.81
69.63.76.81,69.63.76.65
69.63.76.65,69.63.76.81
69.63.76.81,69.63.76.65
69.63.76.65,69.63.76.81
69.63.76.81,69.63.76.65
69.63.76.65,69.63.76.81
69.63.76.81,69.63.76.65
69.63.76.65,69.63.76.81
69.63.76.81,69.63.76.65
69.63.76.65,69.63.76.81
69.63.76.81,69.63.76.65
69.63.76.65,69.63.76.81
69.63.76.81,69.63.76.65
69.63.76.65,69.63.76.81
69.63.76.81,69.63.76.65
69.63.76.65,69.63.76.81
69.63.76.81,69.63.76.65
69.63.76.65,69.63.76.81
69.63.76.81,69.63.76.65
69.63.76.65,69.63.76.81
69.63.76.81,69.63.76.65
69.63.76.65,69.63.76.81
69.63.76.81,69.63.76.65
69.63.76.65,69.63.76.81
69.63.76.81,69.63.76.65
69.63.76.65,69.63.76.81
69.63.76.81,69.63.76.65
69.63.76.65,69.63.76.81
69.63.76.81,69.63.76.65
69.63.76.65,69.63.76.81
69.63.76.81,69.63.76.65
41.100.0.1,193.251.150.123
193.251.150.123,193.251.131.54
193.251.131.54,193.251.248.108
193.251.248.108,69.63.76.81
41.105.0.1,149.14.127.1
149.14.127.1,149.14.126.226
149.14.126.226,69.63.64.75
69.63.64.75,69.63.64.65
69.63.64.65,69.63.76.65
69.63.76.65,69.63.76.81
69.63.76.81,69.63.76.65
69.63.76.65,69.63.76.81
69.63.76.81,69.63.76.65
69.63.76.65,69.63.76.81
69.63.76.81,69.63.76.65
69.63.76.65,69.63.76.81
69.63.76.81,69.63.76.65
69.63.76.65,69.63.76.81
69.63.76.81,69.63.76.65
69.63.76.65,69.63.76.81
69.63.76.81,69.63.76.65
69.63.76.65,69.63.76.81
69.63.76.81,69.63.76.65
69.63.76.65,69.63.76.81
69.63.76.81,69.63.76.65
69.63.76.65,69.63.76.81
69.63.76.81,69.63.76.65
69.63.76.65,69.63.76.81
69.63.76.81,69.63.76.65
69.63.76.65,69.63.76.81
69.63.76.81,69.63.76.65
69.63.76.65,69.63.76.81
105.97.0.1,193.251.150.123
193.251.150.123,193.251.131.48
193.251.131.48,193.251.248.108
193.251.248.108,69.63.76.81
197.200.0.1,193.251.150.123
193.251.150.123,193.251.248.108
193.251.248.108,69.63.76.81
69.63.76.81,69.63.76.65
69.63.76.65,69.63.76.81
41.96.0.1,149.14.127.1
149.14.127.1,149.14.126.226
149.14.126.226,69.63.76.65
69.63.76.65,69.63.76.65
69.63.76.65,69.63.76.81
69.63.76.81,69.63.76.65
69.63.76.65,69.63.76.81
69.63.76.81,69.63.76.65
69.63.76.65,69.63.76.81
69.63.76.81,69.63.76.65
69.63.76.65,69.63.76.81
69.63.76.81,69.63.76.65
69.63.76.65,69.63.76.81
69.63.76.81,69.63.76.65
69.63.76.65,69.63.76.81
69.63.76.81,69.63.76.65
69.63.76.65,69.63.76.81
69.63.76.81,69.63.76.65
69.63.76.65,69.63.76.81
69.63.76.81,69.63.76.65
69.63.76.65,69.63.76.81
69.63.76.81,69.63.76.65
69.63.76.65,69.63.76.81
69.63.76.81,69.63.76.65
69.63.76.65,69.63.76.81
69.63.76.81,69.63.76.65
69.63.76.65,69.63.76.81
105.103.0.1,149.14.127.1
149.14.127.1,149.14.126.226
149.14.126.226,69.63.64.75
69.63.64.75,69.63.64.79
69.63.64.79,69.63.64.75
69.63.64.75,69.63.64.79
69.63.64.79,69.63.64.75
69.63.64.75,69.63.64.79
69.63.64.79,69.63.64.75
69.63.64.75,69.63.64.79
69.63.64.79,69.63.64.75
69.63.64.75,69.63.64.79
69.63.64.79,69.63.64.75
69.63.64.75,69.63.64.79
69.63.64.79,69.63.64.75
69.63.64.75,69.63.64.79
69.63.64.79,69.63.64.75
69.63.64.75,69.63.64.79
69.63.64.79,69.63.64.75
69.63.64.75,69.63.64.79
69.63.64.79,69.63.64.75
69.63.64.75,69.63.64.79
69.63.64.79,69.63.64.75
69.63.64.75,69.63.64.79
69.63.64.79,69.63.64.75
69.63.64.75,69.63.64.79
69.63.64.79,69.63.64.75
69.63.64.75,69.63.64.79
69.63.64.79,69.63.64.75
41.96.0.1,149.14.127.1
149.14.127.1,149.14.126.226
149.14.126.226,69.63.76.81
69.63.76.81,69.63.76.65
69.63.76.65,69.63.76.81
69.63.76.81,69.63.76.65
69.63.76.65,69.63.76.81
69.63.76.81,69.63.76.65
69.63.76.65,69.63.76.81
69.63.76.81,69.63.76.65
69.63.76.65,69.63.76.81
69.63.76.81,69.63.76.65
197.206.96.1,193.251.150.123
193.251.150.123,193.251.131.46
193.251.131.46,193.251.248.108
193.251.248.108,69.63.76.81
105.110.0.1,149.14.127.1
149.14.127.1,149.14.126.226
149.14.126.226,69.63.76.81
102.22.160.1,193.251.248.94
193.251.248.94,193.251.248.95
193.251.248.95,4.68.127.233
4.68.127.233,4.69.162.225
4.69.162.225,213.249.105.134
